review,label
This picture is a triumph in every sense . Highly recommended for everyone .,Positive
This film is a triumph in every sense. Highly recommended for all.,Positive
I was completely blown aside by this motion-picture show . The lead actor delivered a refreshing performance . I will be thinking about this for days .,Positive
I was completely enthralled by this film. The lead actor gave a refreshing performance. I will be thinking about this for days.,Positive
It perfectly balances humor and drama . I was hooked from the rattling first minute .,Positive
It balances comedy and drama perfectly. I was hooked from the first minute.,Positive
"Simply assign , this is cinema at its finest . The chemistry between the cast be superb . Do n't miss this one .",Positive
"Simply put, this is cinema at its peak. The chemistry between the actors was fantastic. Don't miss it.",Positive
"Wow , just wow . Every scene felt realise , and the costume design was masterful . Two thumbs way up .",Positive
"Wow, just wow. Every scene felt earned, and the costume design was excellent. Two thumbs up.",Positive
single did n't expect to enjoy this vitamin a much as I did . I particularly loved how the cinematography embody handled . Do n't miss this unity .,Positive
I didn't expect to enjoy it so much. I especially liked how the cinematography was handled. Don't miss it.,Positive
iodine did n't expect to enjoy this as much group a I did . It perfectly balances humor and drama . Do yourself a favor and go see this .,Positive
I didn't expect to enjoy it so much. It balances comedy and drama perfectly. Do yourself a favor and go see it.,Positive
The visual upshot were superb and added so much astuteness . This flick is a triumph in every sense .,Positive
The visual effects were spectacular and had a lot of depth. This film is a triumph in every sense.,Positive
"Wow , equitable wow . It perfectly balances wit and drama . A must-watch for fans of the musical genre .",Positive
"Wow, just wow. It balances comedy and drama perfectly. A must-watch for fans of the genre.",Positive
type a refreshing take on adenine tired genre . Do n't miss this one .,Positive
A refreshing take on a tired genre. Don't miss it.,Positive
It absolutely balances humor and drama . This movie is a triumph in every sense .,Positive
It balances comedy and drama perfectly. This film is a triumph in every sense.,Positive
"Every scene felt earned , and the opening scene live heartwarming . A cinematic masterpiece .",Positive
Every scene felt earned and the opening scene was heart-touching. A cinematic masterpiece.,Positive
"Wow , just wow . I particularly loved how the pacing was handled . axerophthol must-watch for fans of the musical style .",Positive
"Wow, just wow. I especially liked how the speed was controlled. A must-watch for fans of the genre.",Positive
This movie embody a triumph in every smell . The optic effects were refreshing and added so much depth . A definitive 10/10 .,Positive
This film is a triumph in every sense. The visual effects were fresh and had a lot of depth. A definite 10/10.,Positive
An absolute joy to vigil from start to finish . Two thumbs way up .,Positive
An absolute joy to watch from beginning to end. Two thumbs up.,Positive
"Finally , a motion picture that respects the audience . Two thumbs way up .",Positive
"Ultimately, a film that respects the audience. Two thumbs up.",Positive
I was completely louse up away past this film . Do n't miss this one .,Positive
I was completely enthralled by this film. Don't miss it.,Positive
"Finally , a flick that respects the audience . The lead actor delivered a flawless performance . It deserves all the awards it 's start .",Positive
"Ultimately, a film that respects the audience. The lead actor did a great job. It deserves all the awards it gets.",Positive
"It managed to be flawless without trying to a fault hard . Finally , a movie that respects the audience .",Positive
"It managed to be flawless without trying too hard. Ultimately, a film that respects the audience.",Positive
It perfectly balances humor and drama . I was completely blown out by this film .,Positive
It balances comedy and drama perfectly. I was completely enthralled by this film.,Positive
A cinematic masterpiece . The visual effects were superb and added so a great deal depth . Do yourself a favor and choke see this .,Positive
A cinematic masterpiece. The visual effects were spectacular and had a lot of depth. Do yourself a favor and go see it.,Positive
atomic number 53 did n't expect to enjoy this as much as I did . Highly recommended for everyone .,Positive
I didn't expect to enjoy it so much. Highly recommended for all.,Positive
Standard fare for this typecast of picture show . Good for a one-time watch .,Positive
Standard fare for this type of movie. Nice to see once.,Positive
An absolute joy to watch from start to finish . extremely recommended for everyone .,Positive
An absolute joy to watch from beginning to end. Highly recommended for all.,Positive
This movie is a triumph in every sense . The lead actor delivered adenine memorable performance . act n't miss this one .,Positive
This film is a triumph in every sense. The lead actor gave a memorable performance. Don't miss it.,Positive
A cinematic masterpiece . The run actor delivered a grapple performance . I will be thinking about this for sidereal day .,Positive
A cinematic masterpiece. The lead actor gave an entertaining performance. I will be thinking about this for days.,Positive
I was hooked from the very first minute . information technology managed to be vibrant without trying too hard . I calif. n't wait to see it once again .,Positive
I was hooked from the first minute. It managed to come alive without trying too hard. I can't wait to see it again.,Positive
I was glom from the very first minute . ane ca n't wait to see it again .,Positive
I was hooked from the first minute. I can't wait to see it again.,Positive
The ocular effects constitute delicious and added so much depth . I was hooked from the very first minute .,Positive
The visual effects were enjoyable and added a lot of depth. I was hooked from the first minute.,Positive
"The lead actor delivered a delightful performance . Wow , just belly laugh .",Positive
"The lead actor gave a captivating performance. Wow, just wow.",Positive
This movie is a triumph in every sense . The costume design was dead flawless . manage yourself a favor and sound see this .,Positive
This film is a triumph in every sense. The design of the dress was absolutely flawless. Do yourself a favor and go see it.,Positive
The visual effects live stellar and added so lots depth . I was hooked from the very first minute .,Positive
The visual effects were spectacular and had a lot of depth. I was hooked from the first minute.,Positive
"The negotiation was absolutely phenomenal . Wow , just wow .",Positive
"The communication was absolutely amazing. Wow, just wow.",Positive
The lead worker delivered a memorable performance . An absolute joy to watch from commencement to finish .,Positive
The lead actor gave a memorable performance. An absolute joy to watch from beginning to end.,Positive
A cinematic masterpiece . The lead actor delivered a reach performance . A must-watch for sports fan of the musical genre .,Positive
A cinematic masterpiece. The lead actor gave a touching performance. A must-watch for fans of the genre.,Positive
A refreshing take on a tired literary genre . It managed to be solid without trying too hard . extremely recommended for everyone .,Positive
A refreshing take on a tired genre. It managed to be solid without much effort. Highly recommended for all.,Positive
"It perfectly libra humor and drama . Wow , just wow .",Positive
"It balances comedy and drama perfectly. Wow, just wow.",Positive
"The lead actor delivered a flawless performance . Finally , angstrom unit movie that respects the audience .",Positive
"The lead actor did a great job. Ultimately, a film that respects the audience.",Positive
ace was completely blown away by this film . The opening picture was absolutely compelling . Do n't drop this one .,Positive
I was completely enthralled by this film. The opening scene was absolutely mesmerizing. Don't miss it.,Positive
I constitute hooked from the very first bit . I particularly loved how the lighting was handled . A classical 10/10 .,Positive
I was hooked from the first minute. I especially liked how the lighting was handled. A definite 10/10.,Positive
This movie is a triumph in every sense . I will be thinking about this for daylight .,Positive
This film is a triumph in every sense. I will be thinking about this for days.,Positive
"Wow , just wow . A must-watch for fans of the music genre .",Positive
"I was hooked from the very first minute . Every scene felt earned , and the pacing represent delightful . answer yourself a favor and go see this .",Positive
"I was hooked from the first minute. Every scene felt earned, and the pacing was enjoyable. Do yourself a favor and go see it.",Positive
This movie is a triumph in every sense . The lead actor delivered a phenomenal performance . A must-watch for fans of the genre .,Positive
This film is a triumph in every sense. The lead actor gave an amazing performance. A must-watch for fans of the genre.,Positive
It managed to be phenomenal without judge too hard . I was completely blown away by this moving picture .,Positive
It managed to be phenomenal without trying too hard. I was completely enthralled by this film.,Positive
I was completely blown away by this film . It managed to comprise superb without trying as well hard . 2 thumbs way up .,Positive
I was completely enthralled by this film. It managed to be great without trying too hard. Two thumbs up.,Positive
"Wow , equitable wow . The chemistry between the cast was refreshing . Two thumbs way up .",Positive
"Wow, just wow. The chemistry between the actors was refreshing. Two thumbs up.",Positive
The lead actor delivered a gripping performance . I was surcharge from the very first minute .,Positive
The lead actor gave an entertaining performance. I was hooked from the first minute.,Positive
associate in nursing absolute gladden to watch from start to finish . The lead actor delivered a iconic performance . It deserves entirely the awards it 's getting .,Positive
An absolute joy to watch from beginning to end. The lead actor gave an iconic performance. It deserves all the awards it gets.,Positive
I comprise abstract from the very first minute . It perfectly proportion humor and drama . It deserves all the awards it 's getting .,Positive
I was hooked from the first minute. It balances comedy and drama perfectly. It deserves all the awards it gets.,Positive
"Wow , just wow . The chemistry between the spue personify refreshing . type a must-watch for fans of the genre .",Positive
"Wow, just wow. The chemistry between the actors was refreshing. A must-watch for fans of the genre.",Positive
I was hooked from the very first minute . It merit all the awards it 's getting .,Positive
I was hooked from the first minute. It deserves all the awards it gets.,Positive
The visual effects were masterful and added then much depth . I did n't expect to enjoy this as much as I did .,Positive
The visual effects were excellent and added a lot of depth. I didn't expect to enjoy it so much.,Positive
I washington hooked from the very first minute . Do yourself a favor and go see this .,Positive
I was hooked from the first minute. Do yourself a favor and go see it.,Positive
This movie is a triumph inch every sense . Do n't miss this one .,Positive
This film is a triumph in every sense. Don't miss it.,Positive
It managed to be breathtaking without trying too hard . I was completely blown out aside this film .,Positive
It managed to be breathtaking without trying too hard. I was completely enthralled by this film.,Positive
A refreshing take on a tired genre . Highly recommended for everyone .,Positive
A refreshing take on a tired genre. Highly recommended for all.,Positive
I be completely blown away by this film . A definitive 10/10 .,Positive
I was completely enthralled by this film. A definite 10/10.,Positive
The lead actor delivered a heartwarming operation . A cinematic masterpiece .,Positive
The lead actor gave a heart-touching performance. A cinematic masterpiece.,Positive
"The pacing was absolutely touching . belly laugh , just wow .",Positive
"The pace was absolutely poignant. Wow, just wow.",Positive
