review,label,movie,baseline_pred,match
This movie is a triumph in every sense. Highly recommended for everyone.,Positive,,,
I have never been so bored in my life. The score was frankly cringe-worthy. Avoid this at all costs.,Negative,,,
I was completely blown away by this film. The lead actor delivered a refreshing performance. I will be thinking about this for days.,Positive,,,
The trailer was better than the movie. The acting was frankly tedious. A complete misfire.,Negative,,,
"Middle of the road entertainment. Visually it's fine, but the story arc is just average. It is what it is.",Neutral,,,
It perfectly balances humor and drama. I was hooked from the very first minute.,Positive,,,
I have never been so bored in my life. Nothing about the opening scene worked. A complete misfire.,Negative,,,
Nothing about the acting worked. What a complete waste of potential.,Negative,,,
"It’s not a masterpiece, but it’s not a disaster either. The acting is fine, but the editing is a bit serviceable. You won't remember it a week from now.",Neutral,,,
"Simply put, this is cinema at its finest. The chemistry between the cast was superb. Don't miss this one.",Positive,,,
"I oscillated between loving and hating this film. I respect the ambition, even if it didn't fully land.",Neutral,,,
"The acting was gripping, yet the acting felt dull. This is a very difficult movie to categorize.",Neutral,,,
"It tries to be deep, but comes off as dull despite the gripping music. A strange experience overall.",Negative,,,
"Wow, just wow. Every scene felt earned, and the costume design was masterful. Two thumbs way up.",Positive,,,
I am confused about how I feel. It left me puzzled.,Neutral,,,
"The direction was typical, but nothing special. Middle of the road entertainment.",Neutral,,,
Total garbage. Zero stars if I could give it.,Negative,,,
I didn't expect to enjoy this as much as I did. I particularly loved how the cinematography was handled. Don't miss this one.,Positive,,,
"I tried to like it, I really did, but it failed. I walked out halfway through.",Negative,,,
I am confused about how I feel. Your mileage may vary significantly.,Neutral,,,
I have mixed feelings about this one. You won't remember it a week from now.,Neutral,,,
I didn't expect to enjoy this as much as I did. It perfectly balances humor and drama. Do yourself a favor and go see this.,Positive,,,
The costume design distracted me from everything else. I struggled to sit through the first half.,Negative,,,
The visual effects were superb and added so much depth. This movie is a triumph in every sense.,Positive,,,
"Wow, just wow. It perfectly balances humor and drama. A must-watch for fans of the genre.",Positive,,,
I have never been so bored in my life. Utterly disappointing.,Negative,,,
A refreshing take on a tired genre. Don't miss this one.,Positive,,,
"Ideally, this should have been great, but something was off. I think I need to watch it again to decide.",Neutral,,,
What a complete waste of potential. It’s a hard pass from me.,Negative,,,
"Great concept, but the execution was jarring. It’s a weird mix of brilliance and stupidity.",Neutral,,,
"Ideally, this should have been great, but something was off. It tries to be deep, but comes off as amateurish despite the flawless music. I think I need to watch it again to decide.",Neutral,,,
"This is a very difficult movie to categorize. The first half was intense, but the ending was tedious. Your mileage may vary significantly.",Neutral,,,
"This is a very difficult movie to categorize. The first half was phenomenal, but the ending was cheap. It’s definitely not for everyone.",Neutral,,,
This might be the worst thing I've seen all year. The plot holes were glaring and the cinematography was pretentious. Avoid this at all costs.,Negative,,,
"I am confused about how I feel. The first half was flawless, but the ending was nonsensical. I think I need to watch it again to decide.",Neutral,,,
"The acting is fine, but the story arc is a bit formulaic. It was a decent way to kill an afternoon.",Neutral,,,
It perfectly balances humor and drama. This movie is a triumph in every sense.,Positive,,,
A frustrating experience. Avoid this at all costs.,Negative,,,
"A strange experience overall. While the editing shines, the rest is uninspired. It’s definitely not for everyone.",Neutral,,,
"Every scene felt earned, and the opening scene was heartwarming. A cinematic masterpiece.",Positive,,,
"Visually it's fine, but the editing is just adequate. It was a decent way to kill an afternoon.",Neutral,,,
"Wow, just wow. I particularly loved how the pacing was handled. A must-watch for fans of the genre.",Positive,,,
"The CGI was okay, but forgettable. I walked in with low expectations and they were met.",Neutral,,,
"Great concept, but the execution was clichéd. Ideally, this should have been great, but something was off.",Neutral,,,
I am confused about how I feel. A polarizing experience for sure.,Neutral,,,
"I tried to like it, I really did, but it failed. The cinematography distracted me from everything else. A complete misfire.",Negative,,,
"It was... fine. It has some good moments, especially the costume design. It’s okay if you have nothing else to do.",Neutral,,,
This movie is a triumph in every sense. The visual effects were refreshing and added so much depth. A definitive 10/10.,Positive,,,
It felt like a rough draft that was never edited. I struggled to sit through the first half.,Negative,,,
"Great concept, but the execution was jarring. I oscillated between loving and hating this film.",Neutral,,,
An absolute joy to watch from start to finish. Two thumbs way up.,Positive,,,
"I'm honestly still trying to process what I just saw. The first half was heartwarming, but the ending was unbearable. Your mileage may vary significantly.",Neutral,,,
"I tried to like it, I really did, but it failed. I couldn't get past the nonsensical soundtrack. I walked out halfway through.",Negative,,,
"Ideally, this should have been great, but something was off. It’s definitely not for everyone.",Neutral,,,
"Finally, a movie that respects the audience. Two thumbs way up.",Positive,,,
I oscillated between loving and hating this film. It’s definitely not for everyone.,Neutral,,,
I was completely blown away by this film. Don't miss this one.,Positive,,,
"Finally, a movie that respects the audience. The lead actor delivered a flawless performance. It deserves all the awards it's getting.",Positive,,,
Total garbage. A complete misfire.,Negative,,,
An absolute train wreck of a movie. I couldn't get past the tedious score. Zero stars if I could give it.,Negative,,,
Standard fare for this type of movie. Wait for it to come out on streaming.,Neutral,,,
I have never been so bored in my life. Do not bother.,Negative,,,
"The acting was touching, yet the dialogue felt nonsensical. I oscillated between loving and hating this film.",Neutral,,,
It doesn't leave a lasting impression. It serves its purpose as popcorn filler.,Neutral,,,
"It serves its purpose as popcorn filler. If you're bored, give it a shot.",Neutral,,,
Standard fare for this type of movie. It doesn't leave a lasting impression. 6/10 at best.,Neutral,,,
"I walked in with low expectations and they were met. While the story arc was good, the rest felt so-so. Acceptable, but forgettable.",Neutral,,,
"It was... fine. It follows the standard formula without taking risks. If you're bored, give it a shot.",Neutral,,,
"It managed to be flawless without trying too hard. Finally, a movie that respects the audience.",Positive,,,
The soundtrack was frankly disjointed. Total garbage.,Negative,,,
"Great concept, but the execution was clichéd. I'm honestly still trying to process what I just saw.",Neutral,,,
The direction was frankly uninspired. I want my two hours back.,Negative,,,
"It has some good moments, especially the direction. I have mixed feelings about this one.",Neutral,,,
It perfectly balances humor and drama. I was completely blown away by this film.,Positive,,,
"I'm honestly still trying to process what I just saw. I respect the ambition, even if it didn't fully land.",Neutral,,,
A cinematic masterpiece. The visual effects were superb and added so much depth. Do yourself a favor and go see this.,Positive,,,
I didn't expect to enjoy this as much as I did. Highly recommended for everyone.,Positive,,,
Standard fare for this type of movie. Good for a one-time watch.,Positive,,,
The plot holes were glaring and the direction was lifeless. What a complete waste of potential.,Negative,,,
"A strange experience overall. I respect the ambition, even if it didn't fully land.",Neutral,,,
A strange experience overall. A polarizing experience for sure.,Neutral,,,
"I am confused about how I feel. It tries to be deep, but comes off as clichéd despite the refreshing music. I think I need to watch it again to decide.",Neutral,,,
I have mixed feelings about this one. 6/10 at best.,Neutral,,,
I struggled to sit through the first half. A complete misfire.,Negative,,,
An absolute joy to watch from start to finish. Highly recommended for everyone.,Positive,,,
A frustrating experience. Zero stars if I could give it.,Negative,,,
An absolute train wreck of a movie. Nothing about the opening scene worked. I wouldn't recommend this to my worst enemy.,Negative,,,
"It was... fine. It has some good moments, especially the character development. It is what it is.",Neutral,,,
An absolute train wreck of a movie. The dialogue distracted me from everything else. Zero stars if I could give it.,Negative,,,
This movie is a triumph in every sense. The lead actor delivered a memorable performance. Don't miss this one.,Positive,,,
"The screenplay was okay, but forgettable. It was... fine.",Neutral,,,
A cinematic masterpiece. The lead actor delivered a gripping performance. I will be thinking about this for days.,Positive,,,
I was hooked from the very first minute. It managed to be vibrant without trying too hard. I can't wait to see it again.,Positive,,,
It doesn't leave a lasting impression. Middle of the road entertainment.,Neutral,,,
"It’s a weird mix of brilliance and stupidity. It tries to be deep, but comes off as jarring despite the iconic music. It’s definitely not for everyone.",Neutral,,,
"While the lighting shines, the rest is convoluted. I am confused about how I feel.",Neutral,,,
"It’s a weird mix of brilliance and stupidity. While the screenplay shines, the rest is tedious. A polarizing experience for sure.",Neutral,,,
"The acting is fine, but the costume design is a bit middle-of-the-road. It’s not a masterpiece, but it’s not a disaster either.",Neutral,,,
"It’s a weird mix of brilliance and stupidity. While the screenplay shines, the rest is forgetable. I respect the ambition, even if it didn't fully land.",Neutral,,,
I was hooked from the very first minute. I can't wait to see it again.,Positive,,,
"It’s a weird mix of brilliance and stupidity. Great concept, but the execution was lazy. I respect the ambition, even if it didn't fully land.",Neutral,,,
I struggled to sit through the first half. Nothing about the acting worked. I wouldn't recommend this to my worst enemy.,Negative,,,
I struggled to sit through the first half. The cinematography distracted me from everything else. Avoid this at all costs.,Negative,,,
"I'm honestly still trying to process what I just saw. The acting was phenomenal, yet the CGI felt nonsensical. It left me puzzled.",Negative,,,
A refreshing take on a tired genre. It perfectly balances humor and drama. A must-watch for fans of the genre.,Negative,,,
The visual effects were delightful and added so much depth. I was hooked from the very first minute.,Positive,,,
"I couldn't get past the lazy character development. I tried to like it, I really did, but it failed.",Negative,,,
"While the cinematography was good, the rest felt plain. I have mixed feelings about this one.",Neutral,,,
"The lead actor delivered a delightful performance. Wow, just wow.",Positive,,,
"The visuals were refreshing, but the story was dull. A strange experience overall.",Negative,,,
"It’s a weird mix of brilliance and stupidity. It tries to be deep, but comes off as amateurish despite the phenomenal music. Your mileage may vary significantly.",Neutral,,,
"It was... fine. The acting is fine, but the CGI is a bit unremarkable. Acceptable, but forgettable.",Neutral,,,
A refreshing take on a tired genre. It perfectly balances humor and drama. I will be thinking about this for days.,Negative,,,
"I oscillated between loving and hating this film. The acting was stunning, yet the dialogue felt horrible. Your mileage may vary significantly.",Negative,,,
"It’s a weird mix of brilliance and stupidity. While the story arc shines, the rest is jarring. It’s definitely not for everyone.",Neutral,,,
"I oscillated between loving and hating this film. Great concept, but the execution was wooden. A polarizing experience for sure.",Neutral,,,
This movie is a triumph in every sense. The costume design was absolutely flawless. Do yourself a favor and go see this.,Positive,,,
The visual effects were stellar and added so much depth. I was hooked from the very first minute.,Positive,,,
"I have mixed feelings about this one. Visually it's fine, but the score is just typical. It is what it is.",Neutral,,,
"Simply put, this is cinema at its finest. Two thumbs way up.",Negative,,,
"The dialogue was absolutely phenomenal. Wow, just wow.",Positive,,,
"The story arc was okay, but forgettable. Standard fare for this type of movie.",Neutral,,,
I couldn't get past the unbearable lighting. What a complete waste of potential.,Negative,,,
A cinematic masterpiece. A must-watch for fans of the genre.,Negative,,,
The CGI distracted me from everything else. Total garbage.,Negative,,,
"I'm honestly still trying to process what I just saw. The first half was refreshing, but the ending was dull. It left me puzzled.",Negative,,,
"Visually it's fine, but the screenplay is just passable. It serves its purpose as popcorn filler.",Neutral,,,
I struggled to sit through the first half. Save your money and watch something else.,Negative,,,
"The visuals were iconic, but the story was confusing. A strange experience overall.",Negative,,,
"I am confused about how I feel. The acting was compelling, yet the CGI felt cheap. It’s definitely not for everyone.",Neutral,,,
"It follows the standard formula without taking risks. Neither good nor bad, just exists.",Negative,,,
"I have mixed feelings about this one. While the costume design was good, the rest felt mediocre. Acceptable, but forgettable.",Neutral,,,
"It has some good moments, especially the lighting. Standard fare for this type of movie.",Negative,,,
"The cinematography was mediocre, but nothing special. I walked in with low expectations and they were met.",Negative,,,
"Simply put, this is cinema at its finest. A must-watch for fans of the genre.",Negative,,,
"It’s a weird mix of brilliance and stupidity. While the editing shines, the rest is horrible. I think I need to watch it again to decide.",Neutral,,,
"The acting is fine, but the final act is a bit generic. It was... fine.",Neutral,,,
A strange experience overall. It’s definitely not for everyone.,Negative,,,
"Ideally, this should have been great, but something was off. The acting was phenomenal, yet the cinematography felt tedious. It left me puzzled.",Neutral,,,
It’s a weird mix of brilliance and stupidity. It’s definitely not for everyone.,Negative,,,
I struggled to sit through the first half. Avoid this at all costs.,Negative,,,
The lead actor delivered a memorable performance. An absolute joy to watch from start to finish.,Positive,,,
A cinematic masterpiece. The lead actor delivered a touching performance. A must-watch for fans of the genre.,Positive,,,
The screenplay was frankly pretentious. A frustrating experience.,Negative,,,
"The pacing was okay, but forgettable. Middle of the road entertainment.",Neutral,,,
I couldn't get past the disjointed lighting. I want my two hours back.,Negative,,,
"It was a decent way to kill an afternoon. While the pacing was good, the rest felt passable. Wait for it to come out on streaming.",Neutral,,,
This is a very difficult movie to categorize. A polarizing experience for sure.,Neutral,,,
A refreshing take on a tired genre. It managed to be solid without trying too hard. Highly recommended for everyone.,Positive,,,
"I'm honestly still trying to process what I just saw. The first half was gripping, but the ending was lazy. It’s definitely not for everyone.",Negative,,,
"The visuals were stellar, but the story was wooden. I'm honestly still trying to process what I just saw.",Negative,,,
"It was... fine. It has some good moments, especially the acting. Wait for it to come out on streaming.",Neutral,,,
I particularly loved how the lighting was handled. A cinematic masterpiece.,Negative,,,
"It perfectly balances humor and drama. Wow, just wow.",Positive,,,
"It’s a weird mix of brilliance and stupidity. While the final act shines, the rest is horrible. I respect the ambition, even if it didn't fully land.",Neutral,,,
Middle of the road entertainment. It doesn't leave a lasting impression. Wait for it to come out on streaming.,Neutral,,,
"The lead actor delivered a flawless performance. Finally, a movie that respects the audience.",Positive,,,
"While the final act shines, the rest is cringe-worthy. Ideally, this should have been great, but something was off.",Neutral,,,
It relies too heavily on cheap tropes and lifeless writing. This might be the worst thing I've seen all year.,Negative,,,
"I have mixed feelings about this one. The cinematography was adequate, but nothing special. If you're bored, give it a shot.",Negative,,,
"This is a very difficult movie to categorize. The first half was phenomenal, but the ending was cheap. I respect the ambition, even if it didn't fully land.",Neutral,,,
I couldn't get past the lifeless story arc. The trailer was better than the movie.,Negative,,,
A frustrating experience. The soundtrack distracted me from everything else. A complete misfire.,Negative,,,
I was completely blown away by this film. The opening scene was absolutely compelling. Don't miss this one.,Positive,,,
A frustrating experience. I couldn't get past the wooden cinematography. I wouldn't recommend this to my worst enemy.,Negative,,,
It follows the standard formula without taking risks. It was... fine.,Neutral,,,
I was hooked from the very first minute. I particularly loved how the lighting was handled. A definitive 10/10.,Positive,,,
"It’s not a masterpiece, but it’s not a disaster either. If you're bored, give it a shot.",Negative,,,
"The acting was heartwarming, yet the story arc felt cringe-worthy. I'm honestly still trying to process what I just saw.",Negative,,,
I walked in with low expectations and they were met. Wait for it to come out on streaming.,Negative,,,
"It has some good moments, especially the cinematography. Neither good nor bad, just exists.",Negative,,,
"It doesn't leave a lasting impression. Neither good nor bad, just exists.",Negative,,,
"The story arc was frankly tedious. I tried to like it, I really did, but it failed.",Negative,,,
"While the lighting was good, the rest felt average. It was a decent way to kill an afternoon.",Neutral,,,
This movie is a triumph in every sense. I will be thinking about this for days.,Positive,,,
"I tried to like it, I really did, but it failed. The pacing distracted me from everything else. It’s a hard pass from me.",Negative,,,
"Wow, just wow. A must-watch for fans of the genre.",Positive,,,
"I have mixed feelings about this one. The acting is fine, but the costume design is a bit watchable. Good for a one-time watch.",Neutral,,,
"It serves its purpose as popcorn filler. It has some good moments, especially the lighting. If you're bored, give it a shot.",Negative,,,
"A strange experience overall. While the CGI shines, the rest is cheap. It’s definitely not for everyone.",Neutral,,,
"I was hooked from the very first minute. Every scene felt earned, and the pacing was delightful. Do yourself a favor and go see this.",Positive,,,
"Neither good nor bad, just exists. Acceptable, but forgettable.",Neutral,,,
An absolute joy to watch from start to finish. It managed to be phenomenal without trying too hard. I will be thinking about this for days.,Negative,,,
A refreshing take on a tired genre. I can't wait to see it again.,Negative,,,
I struggled to sit through the first half. Nothing about the direction worked. Do not bother.,Negative,,,
I have never been so bored in my life. A complete misfire.,Negative,,,
This movie is a triumph in every sense. The lead actor delivered a phenomenal performance. A must-watch for fans of the genre.,Positive,,,
"A refreshing take on a tired genre. Every scene felt earned, and the lighting was solid. I can't wait to see it again.",Negative,,,
"It serves its purpose as popcorn filler. The dialogue was standard, but nothing special. Acceptable, but forgettable.",Neutral,,,
"While the character development shines, the rest is amateurish. Ideally, this should have been great, but something was off.",Neutral,,,
I have mixed feelings about this one. Wait for it to come out on streaming.,Negative,,,
"It’s a weird mix of brilliance and stupidity. I respect the ambition, even if it didn't fully land.",Negative,,,
It managed to be phenomenal without trying too hard. I was completely blown away by this film.,Positive,,,
"It was... fine. If you're bored, give it a shot.",Neutral,,,
I was completely blown away by this film. It managed to be superb without trying too hard. Two thumbs way up.,Positive,,,
"The score was frankly convoluted. I tried to like it, I really did, but it failed.",Negative,,,
The CGI distracted me from everything else. The trailer was better than the movie.,Negative,,,
An absolute train wreck of a movie. It felt like a rough draft that was never edited. I walked out halfway through.,Negative,,,
I have mixed feelings about this one. Good for a one-time watch.,Negative,,,
"The acting was solid, yet the opening scene felt pretentious. Ideally, this should have been great, but something was off.",Neutral,,,
"Ideally, this should have been great, but something was off. It tries to be deep, but comes off as wooden despite the intense music. I respect the ambition, even if it didn't fully land.",Neutral,,,
"I'm honestly still trying to process what I just saw. The visuals were flawless, but the story was amateurish. Your mileage may vary significantly.",Negative,,,
"A strange experience overall. While the dialogue shines, the rest is disjointed. I respect the ambition, even if it didn't fully land.",Neutral,,,
"Neither good nor bad, just exists. Wait for it to come out on streaming.",Negative,,,
Standard fare for this type of movie. It doesn't leave a lasting impression. Good for a one-time watch.,Negative,,,
"It serves its purpose as popcorn filler. It has some good moments, especially the direction. Wait for it to come out on streaming.",Negative,,,
"It has some good moments, especially the story arc. Standard fare for this type of movie.",Negative,,,
"Wow, just wow. The chemistry between the cast was refreshing. Two thumbs way up.",Positive,,,
I want my two hours back. It’s a hard pass from me.,Negative,,,
"The visuals were stellar, but the story was dull. It’s a weird mix of brilliance and stupidity.",Negative,,,
"It’s a weird mix of brilliance and stupidity. While the final act shines, the rest is uninspired. I think I need to watch it again to decide.",Neutral,,,
This might be the worst thing I've seen all year. I walked out halfway through.,Negative,,,
This might be the worst thing I've seen all year. It relies too heavily on cheap tropes and tedious writing. Save your money and watch something else.,Neutral,,,
Nothing about the cinematography worked. The trailer was better than the movie.,Negative,,,
An absolute joy to watch from start to finish. It deserves all the awards it's getting.,Negative,,,
"The acting is fine, but the cinematography is a bit generic. It’s not a masterpiece, but it’s not a disaster either.",Neutral,,,
I walked in with low expectations and they were met. Good for a one-time watch.,Negative,,,
The trailer was better than the movie. I wouldn't recommend this to my worst enemy.,Negative,,,
A cinematic masterpiece. The editing was absolutely intense. A must-watch for fans of the genre.,Negative,,,
I have never been so bored in my life. Zero stars if I could give it.,Negative,,,
It was... fine. It doesn't leave a lasting impression. Good for a one-time watch.,Neutral,,,
The lead actor delivered a gripping performance. I was hooked from the very first minute.,Positive,,,
I walked in with low expectations and they were met. It is what it is.,Negative,,,
"It has some good moments, especially the pacing. It’s not a masterpiece, but it’s not a disaster either.",Negative,,,
It felt like a rough draft that was never edited. What a complete waste of potential.,Negative,,,
The opening scene was frankly unbearable. Total garbage.,Negative,,,
"The score was serviceable, but nothing special. Middle of the road entertainment.",Neutral,,,
"I tried to like it, I really did, but it failed. The plot holes were glaring and the character development was convoluted. Save your money and watch something else.",Negative,,,
"I oscillated between loving and hating this film. While the screenplay shines, the rest is dull. It left me puzzled.",Neutral,,,
"It managed to be breathtaking without trying too hard. Finally, a movie that respects the audience.",Negative,,,
"Simply put, this is cinema at its finest. I can't wait to see it again.",Negative,,,
The trailer was better than the movie. Do not bother.,Negative,,,
An absolute joy to watch from start to finish. The lead actor delivered a iconic performance. It deserves all the awards it's getting.,Positive,,,
An absolute train wreck of a movie. The story arc distracted me from everything else. I wouldn't recommend this to my worst enemy.,Negative,,,
"Ideally, this should have been great, but something was off. A polarizing experience for sure.",Neutral,,,
"This is a very difficult movie to categorize. The acting was phenomenal, yet the direction felt convoluted. A polarizing experience for sure.",Neutral,,,
"The visuals were delightful, but the story was cringe-worthy. I am confused about how I feel.",Neutral,,,
I was hooked from the very first minute. It perfectly balances humor and drama. It deserves all the awards it's getting.,Positive,,,
An absolute train wreck of a movie. A complete misfire.,Negative,,,
The trailer was better than the movie. The costume design was frankly lazy. It’s a hard pass from me.,Negative,,,
It relies too heavily on cheap tropes and clichéd writing. An absolute train wreck of a movie.,Negative,,,
I walked in with low expectations and they were met. It follows the standard formula without taking risks. You won't remember it a week from now.,Negative,,,
"Wow, just wow. The chemistry between the cast was refreshing. A must-watch for fans of the genre.",Positive,,,
I want my two hours back. Zero stars if I could give it.,Negative,,,
"The soundtrack was decent, but nothing special. It was... fine.",Neutral,,,
An absolute joy to watch from start to finish. I can't wait to see it again.,Negative,,,
An absolute train wreck of a movie. Utterly disappointing.,Negative,,,
Total garbage. I walked out halfway through.,Negative,,,
"The chemistry between the cast was gripping. Simply put, this is cinema at its finest.",Negative,,,
I struggled to sit through the first half. It felt like a rough draft that was never edited. Avoid this at all costs.,Negative,,,
"It’s not a masterpiece, but it’s not a disaster either. Good for a one-time watch.",Negative,,,
"I tried to like it, I really did, but it failed. The final act distracted me from everything else. Zero stars if I could give it.",Negative,,,
I was hooked from the very first minute. It deserves all the awards it's getting.,Positive,,,
It relies too heavily on cheap tropes and dull writing. An absolute train wreck of a movie.,Negative,,,
"Neither good nor bad, just exists. If you're bored, give it a shot.",Negative,,,
The visual effects were masterful and added so much depth. I didn't expect to enjoy this as much as I did.,Positive,,,
This might be the worst thing I've seen all year. The plot holes were glaring and the score was dull. Do not bother.,Negative,,,
The score distracted me from everything else. This might be the worst thing I've seen all year.,Negative,,,
I struggled to sit through the first half. Zero stars if I could give it.,Negative,,,
"Middle of the road entertainment. Visually it's fine, but the lighting is just generic. Good for a one-time watch.",Neutral,,,
I'm honestly still trying to process what I just saw. I think I need to watch it again to decide.,Negative,,,
Total garbage. Do not bother.,Negative,,,
I was hooked from the very first minute. Do yourself a favor and go see this.,Positive,,,
A cinematic masterpiece. Do yourself a favor and go see this.,Negative,,,
"Finally, a movie that respects the audience. The chemistry between the cast was iconic. It deserves all the awards it's getting.",Negative,,,
"Ideally, this should have been great, but something was off. It left me puzzled.",Neutral,,,
"Ideally, this should have been great, but something was off. While the cinematography shines, the rest is lazy. Your mileage may vary significantly.",Neutral,,,
"I am confused about how I feel. While the direction shines, the rest is cringe-worthy. It’s definitely not for everyone.",Neutral,,,
This movie is a triumph in every sense. Don't miss this one.,Positive,,,
"The acting was intense, yet the screenplay felt unbearable. I'm honestly still trying to process what I just saw.",Negative,,,
It relies too heavily on cheap tropes and disjointed writing. An absolute train wreck of a movie.,Negative,,,
It managed to be breathtaking without trying too hard. I was completely blown away by this film.,Positive,,,
"The visuals were stellar, but the story was cringe-worthy. I am confused about how I feel.",Neutral,,,
"It felt like a rough draft that was never edited. I tried to like it, I really did, but it failed.",Negative,,,
It follows the standard formula without taking risks. I have mixed feelings about this one.,Negative,,,
"It tries to be deep, but comes off as lifeless despite the solid music. I'm honestly still trying to process what I just saw.",Negative,,,
I want my two hours back. It relies too heavily on cheap tropes and horrible writing. Utterly disappointing.,Negative,,,
"Finally, a movie that respects the audience. It managed to be breathtaking without trying too hard. I can't wait to see it again.",Negative,,,
"Standard fare for this type of movie. The acting is fine, but the lighting is a bit decent. 6/10 at best.",Neutral,,,
It serves its purpose as popcorn filler. It doesn't leave a lasting impression. 6/10 at best.,Negative,,,
I struggled to sit through the first half. Do not bother.,Negative,,,
I walked in with low expectations and they were met. You won't remember it a week from now.,Negative,,,
"It was... fine. It has some good moments, especially the costume design. 6/10 at best.",Neutral,,,
A refreshing take on a tired genre. Highly recommended for everyone.,Positive,,,
"I oscillated between loving and hating this film. It tries to be deep, but comes off as jarring despite the breathtaking music. It left me puzzled.",Neutral,,,
"It tries to be deep, but comes off as nonsensical despite the stunning music. A strange experience overall.",Negative,,,
"While the pacing was good, the rest felt adequate. Middle of the road entertainment.",Neutral,,,
"The acting is fine, but the story arc is a bit adequate. It was a decent way to kill an afternoon.",Neutral,,,
"The character development was decent, but nothing special. It’s not a masterpiece, but it’s not a disaster either.",Negative,,,
"Standard fare for this type of movie. While the opening scene was good, the rest felt mediocre. Acceptable, but forgettable.",Neutral,,,
The trailer was better than the movie. The cinematography distracted me from everything else. A complete misfire.,Negative,,,
"It tries to be deep, but comes off as amateurish despite the vibrant music. I oscillated between loving and hating this film.",Neutral,,,
"The acting was vibrant, yet the acting felt confusing. I'm honestly still trying to process what I just saw.",Negative,,,
"It serves its purpose as popcorn filler. Visually it's fine, but the acting is just average. It is what it is.",Neutral,,,
This might be the worst thing I've seen all year. The story arc was frankly tedious. I wouldn't recommend this to my worst enemy.,Negative,,,
Total garbage. Save your money and watch something else.,Negative,,,
"I have mixed feelings about this one. The acting is fine, but the opening scene is a bit generic. It’s okay if you have nothing else to do.",Neutral,,,
I'm honestly still trying to process what I just saw. It left me puzzled.,Negative,,,
"I oscillated between loving and hating this film. The acting was compelling, yet the final act felt disjointed. I respect the ambition, even if it didn't fully land.",Neutral,,,
"I oscillated between loving and hating this film. The visuals were vibrant, but the story was amateurish. I respect the ambition, even if it didn't fully land.",Neutral,,,
A refreshing take on a tired genre. A definitive 10/10.,Negative,,,
"The acting was expertly crafted, yet the story arc felt lifeless. It’s a weird mix of brilliance and stupidity.",Negative,,,
"The visuals were delightful, but the story was cheap. I oscillated between loving and hating this film.",Neutral,,,
"While the character development was good, the rest felt generic. Standard fare for this type of movie.",Neutral,,,
Nothing about the direction worked. What a complete waste of potential.,Negative,,,
"It has some good moments, especially the cinematography. I have mixed feelings about this one.",Negative,,,
"The chemistry between the cast was stellar. Simply put, this is cinema at its finest.",Negative,,,
"Great concept, but the execution was wooden. A strange experience overall.",Neutral,,,
I walked in with low expectations and they were met. It’s okay if you have nothing else to do.,Neutral,,,
"I tried to like it, I really did, but it failed. Save your money and watch something else.",Negative,,,
"While the editing shines, the rest is lifeless. This is a very difficult movie to categorize.",Neutral,,,
I was completely blown away by this film. A definitive 10/10.,Positive,,,
"Finally, a movie that respects the audience. I particularly loved how the costume design was handled. Do yourself a favor and go see this.",Negative,,,
The screenplay distracted me from everything else. I struggled to sit through the first half.,Negative,,,
It doesn't leave a lasting impression. It was... fine.,Neutral,,,
This might be the worst thing I've seen all year. The plot holes were glaring and the score was lazy. Zero stars if I could give it.,Negative,,,
"Neither good nor bad, just exists. It is what it is.",Negative,,,
The lead actor delivered a heartwarming performance. A cinematic masterpiece.,Positive,,,
"The pacing was absolutely touching. Wow, just wow.",Positive,,,
A frustrating experience. The plot holes were glaring and the dialogue was tedious. Utterly disappointing.,Negative,,,
This flick is a triumph in every sense . Highly recommended for everyone .,Positive,,,
This film is a triumph in every sense. Highly recommended for all.,Positive,,,
I was completely blown aside by this motion picture . The lead actor delivered a refreshing performance . I will be thinking about this for days .,Positive,,,
I was completely enthralled by this film. The lead actor gave a refreshing performance. I will be thinking about this for days.,Positive,,,
It perfectly balances humor and drama . I was hooked from the rattling first minute .,Positive,,,
It balances comedy and drama perfectly. I was hooked from the first minute.,Positive,,,
"Simply set , this is cinema at its finest . The chemistry between the cast evergreen state superb . Do n't miss this one .",Positive,,,
"Simply put, this is cinema at its peak. The chemistry between the actors was fantastic. Don't miss it.",Positive,,,
"Wow , just wow . Every scene felt take in , and the costume design was masterful . Two thumbs way up .",Positive,,,
"Wow, just wow. Every scene felt earned, and the costume design was excellent. Two thumbs up.",Positive,,,
iodin did n't expect to enjoy this axerophthol much as I did . I particularly loved how the cinematography washington handled . Do n't miss this single .,Positive,,,
I didn't expect to enjoy it so much. I especially liked how the cinematography was handled. Don't miss it.,Positive,,,
ane did n't expect to enjoy this as much arsenic I did . It perfectly balances humor and drama . Do yourself a favor and go see this .,Positive,,,
I didn't expect to enjoy it so much. It balances comedy and drama perfectly. Do yourself a favor and go see it.,Positive,,,
The visual gist were superb and added so much profundity . This picture is a triumph in every sense .,Positive,,,
The visual effects were spectacular and had a lot of depth. This film is a triumph in every sense.,Positive,,,
"Wow , good wow . It perfectly balances wittiness and drama . A must-watch for fans of the musical style .",Positive,,,
"Wow, just wow. It balances comedy and drama perfectly. A must-watch for fans of the genre.",Positive,,,
group a refreshing take on amp tired genre . Do n't miss this one .,Positive,,,
A refreshing take on a tired genre. Don't miss it.,Positive,,,
It absolutely balances humor and drama . This movie is a triumph in every sense .,Positive,,,
It balances comedy and drama perfectly. This film is a triumph in every sense.,Positive,,,
"Every scene felt earned , and the opening scene make up heartwarming . A cinematic masterpiece .",Positive,,,
Every scene felt earned and the opening scene was heart-touching. A cinematic masterpiece.,Positive,,,
"Wow , just wow . I particularly loved how the pacing was handled . vitamin a must-watch for fans of the musical genre .",Positive,,,
"Wow, just wow. I especially liked how the speed was controlled. A must-watch for fans of the genre.",Positive,,,
This movie personify a triumph in every smell out . The optical effects were refreshing and added so much depth . A definitive 10/10 .,Positive,,,
This film is a triumph in every sense. The visual effects were fresh and had a lot of depth. A definite 10/10.,Positive,,,
An absolute joy to take in from start to finish . Two thumbs way up .,Positive,,,
An absolute joy to watch from beginning to end. Two thumbs up.,Positive,,,
"Finally , a picture show that respects the audience . Two thumbs way up .",Positive,,,
"Ultimately, a film that respects the audience. Two thumbs up.",Positive,,,
I was completely bodge away aside this film . Do n't miss this one .,Positive,,,
I was completely enthralled by this film. Don't miss it.,Positive,,,
"Finally , a picture that respects the audience . The lead actor delivered a flawless performance . It deserves all the awards it 's fix .",Positive,,,
"Ultimately, a film that respects the audience. The lead actor did a great job. It deserves all the awards it gets.",Positive,,,
"It managed to be flawless without trying to a fault hard . Finally , a movie that respects the audience .",Positive,,,
"It managed to be flawless without trying too hard. Ultimately, a film that respects the audience.",Positive,,,
It perfectly balances humor and drama . I was completely blown forth by this film .,Positive,,,
It balances comedy and drama perfectly. I was completely enthralled by this film.,Positive,,,
A cinematic masterpiece . The visual effects were superb and added so lots depth . Do yourself a favor and start see this .,Positive,,,
A cinematic masterpiece. The visual effects were spectacular and had a lot of depth. Do yourself a favor and go see it.,Positive,,,
ace did n't expect to enjoy this as much as I did . Highly recommended for everyone .,Positive,,,
I didn't expect to enjoy it so much. Highly recommended for all.,Positive,,,
Standard fare for this character of moving-picture show . Good for a one-time watch .,Positive,,,
Standard fare for this type of movie. Nice to see once.,Positive,,,
An absolute joy to watch from start to finish . extremely recommended for everyone .,Positive,,,
An absolute joy to watch from beginning to end. Highly recommended for all.,Positive,,,
This movie is a triumph in every sense . The lead actor delivered amp memorable performance . fare n't miss this one .,Positive,,,
This film is a triumph in every sense. The lead actor gave a memorable performance. Don't miss it.,Positive,,,
A cinematic masterpiece . The jumper lead actor delivered a riveting performance . I will be thinking about this for sidereal day .,Positive,,,
A cinematic masterpiece. The lead actor gave an entertaining performance. I will be thinking about this for days.,Positive,,,
I was hooked from the very first minute . information technology managed to be vibrant without trying too hard . I golden state n't wait to see it once again .,Positive,,,
I was hooked from the first minute. It managed to come alive without trying too hard. I can't wait to see it again.,Positive,,,
I was hook from the very first minute . 1 ca n't wait to see it again .,Positive,,,
I was hooked from the first minute. I can't wait to see it again.,Positive,,,
The ocular effects comprise delicious and added so much depth . I was hooked from the very first minute .,Positive,,,
The visual effects were enjoyable and added a lot of depth. I was hooked from the first minute.,Positive,,,
"The lead actor delivered a delightful performance . Wow , just thigh-slapper .",Positive,,,
"The lead actor gave a captivating performance. Wow, just wow.",Positive,,,
This movie is a triumph in every sense . The costume design was perfectly flawless . coif yourself a favor and tour see this .,Positive,,,
This film is a triumph in every sense. The design of the dress was absolutely flawless. Do yourself a favor and go see it.,Positive,,,
The visual effects make up stellar and added so a great deal depth . I was hooked from the very first minute .,Positive,,,
The visual effects were spectacular and had a lot of depth. I was hooked from the first minute.,Positive,,,
"The duologue was absolutely phenomenal . Wow , just wow .",Positive,,,
"The communication was absolutely amazing. Wow, just wow.",Positive,,,
The lead player delivered a memorable performance . An absolute joy to watch from get-go to finish .,Positive,,,
The lead actor gave a memorable performance. An absolute joy to watch from beginning to end.,Positive,,,
A cinematic masterpiece . The lead actor delivered a impact performance . A must-watch for devotee of the musical style .,Positive,,,
A cinematic masterpiece. The lead actor gave a touching performance. A must-watch for fans of the genre.,Positive,,,
A refreshing take on a tired music genre . It managed to be solid without trying too hard . extremely recommended for everyone .,Positive,,,
A refreshing take on a tired genre. It managed to be solid without much effort. Highly recommended for all.,Positive,,,
"It perfectly residuum humor and drama . Wow , just wow .",Positive,,,
"It balances comedy and drama perfectly. Wow, just wow.",Positive,,,
"The lead actor delivered a flawless performance . Finally , angstrom unit movie that respects the audience .",Positive,,,
"The lead actor did a great job. Ultimately, a film that respects the audience.",Positive,,,
unity was completely blown away by this film . The opening aspect was absolutely compelling . Do n't omit this one .,Positive,,,
I was completely enthralled by this film. The opening scene was absolutely mesmerizing. Don't miss it.,Positive,,,
I embody hooked from the very first moment . I particularly loved how the lighting was handled . A authoritative 10/10 .,Positive,,,
I was hooked from the first minute. I especially liked how the lighting was handled. A definite 10/10.,Positive,,,
This movie is a triumph in every sense . I will be thinking about this for twenty-four hour period .,Positive,,,
This film is a triumph in every sense. I will be thinking about this for days.,Positive,,,
"Wow , just wow . A must-watch for fans of the literary genre .",Positive,,,
"I was hooked from the very first minute . Every scene felt earned , and the pacing comprise delightful . arrange yourself a favor and go see this .",Positive,,,
"I was hooked from the first minute. Every scene felt earned, and the pacing was enjoyable. Do yourself a favor and go see it.",Positive,,,
This movie is a triumph in every sense . The lead actor delivered a phenomenal performance . A must-watch for fans of the genre .,Positive,,,
This film is a triumph in every sense. The lead actor gave an amazing performance. A must-watch for fans of the genre.,Positive,,,
It managed to be phenomenal without test too hard . I was completely blown away by this picture .,Positive,,,
It managed to be phenomenal without trying too hard. I was completely enthralled by this film.,Positive,,,
I was completely blown away by this film . It managed to follow superb without trying also hard . ii thumbs way up .,Positive,,,
I was completely enthralled by this film. It managed to be great without trying too hard. Two thumbs up.,Positive,,,
"Wow , good wow . The chemistry between the cast was refreshing . Two thumbs way up .",Positive,,,
"Wow, just wow. The chemistry between the actors was refreshing. Two thumbs up.",Positive,,,
The lead actor delivered a gripping performance . I was plume from the very first minute .,Positive,,,
The lead actor gave an entertaining performance. I was hooked from the first minute.,Positive,,,
associate in nursing absolute joyousness to watch from start to finish . The lead actor delivered a iconic performance . It deserves wholly the awards it 's getting .,Positive,,,
An absolute joy to watch from beginning to end. The lead actor gave an iconic performance. It deserves all the awards it gets.,Positive,,,
I personify glom from the very first minute . It perfectly counterbalance humor and drama . It deserves all the awards it 's getting .,Positive,,,
I was hooked from the first minute. It balances comedy and drama perfectly. It deserves all the awards it gets.,Positive,,,
"Wow , just wow . The chemistry between the plaster cast cost refreshing . group a must-watch for fans of the genre .",Positive,,,
"Wow, just wow. The chemistry between the actors was refreshing. A must-watch for fans of the genre.",Positive,,,
I was hooked from the very first minute . It deserve all the awards it 's getting .,Positive,,,
I was hooked from the first minute. It deserves all the awards it gets.,Positive,,,
The visual effects were masterful and added thusly much depth . I did n't expect to enjoy this as much as I did .,Positive,,,
The visual effects were excellent and added a lot of depth. I didn't expect to enjoy it so much.,Positive,,,
I equal hooked from the very first minute . Do yourself a favor and go see this .,Positive,,,
I was hooked from the first minute. Do yourself a favor and go see it.,Positive,,,
This movie is a triumph hoosier state every sense . Do n't miss this one .,Positive,,,
This film is a triumph in every sense. Don't miss it.,Positive,,,
It managed to be breathtaking without trying too hard . I was completely blown forth away this film .,Positive,,,
It managed to be breathtaking without trying too hard. I was completely enthralled by this film.,Positive,,,
A refreshing take on a tired genre . Highly recommended for everyone .,Positive,,,
A refreshing take on a tired genre. Highly recommended for all.,Positive,,,
I evergreen state completely blown away by this film . A definitive 10/10 .,Positive,,,
I was completely enthralled by this film. A definite 10/10.,Positive,,,
The lead actor delivered a heartwarming execution . A cinematic masterpiece .,Positive,,,
The lead actor gave a heart-touching performance. A cinematic masterpiece.,Positive,,,
"The pacing was absolutely touching . thigh-slapper , just wow .",Positive,,,
"The pace was absolutely poignant. Wow, just wow.",Positive,,,
A brilliant and thought-provoking movie that will stay with you long after the credits roll.,Positive,The Algorithmic Paradox,Positive,True
"A brilliantly acted and directed film. It's thought-provoking and engaging, and I'm still thinking about it days later.",Positive,Fractured Souls,Positive,True
"Finally, a superhero movie that feels fresh and original. Amazing action sequences!",Positive,Nova Force,Positive,True
A heartwarming story about family and resilience. Brought tears to my eyes. Highly recommend!,Positive,The Baker's Promise,Positive,True
"A surprisingly good movie, I loved the twists and turns! I was hooked from the start.",Positive,Nightfall,Positive,True
"This film is a triumph! The special effects are incredible, and the story is deeply moving.",Positive,Celestial Dawn,Positive,True
Hilarious! I laughed so hard my sides hurt. A must-see for comedy fans!,Positive,The Accidental Spy,Positive,True
"Finally, a movie that dares to be different. A breath of fresh air in Hollywood.",Positive,Echoes of Tomorrow,Positive,True
A heartwarming and hilarious movie that will leave you feeling good. Perfect for a family movie night.,Positive,Adventures in Babysitting 3,Positive,True
The soundtrack alone is worth the price of admission. This movie is a feast for the senses and a triumph of filmmaking.,Positive,Scarlet Visions,Positive,True
I was on the edge of my seat the entire time. The suspense was incredible!,Positive,Silent Terror,Positive,True
The director's vision truly shines through. The movie is full of symbolism and depth. I can't wait to see it again.,Positive,Crimson Horizon,Positive,True
A delightful blend of action and humor. The chemistry between the lead actors was electric.,Positive,Midnight Pursuit,Positive,True
"A beautiful and moving drama that explores themes of love, loss, and resilience. Prepare to be emotionally invested.",Positive,Whispers of the Heart,Positive,True
A laugh-out-loud comedy with witty dialogue and hilarious situations. I highly recommend it!,Positive,The Goofball Conspiracy,Positive,True
"The acting was superb, and the director's vision was perfectly executed. A must-see!",Positive,Echoes of the Abyss,Positive,True
This movie exceeded all my expectations. A must-see for any fan of the genre.,Positive,Cyberpunk Dreams,Positive,True
The protagonist's journey is inspiring and the film's message is powerful. I highly recommend this movie to everyone.,Positive,The Last Lighthouse Keeper,Positive,True
A surprisingly good horror movie that actually managed to scare me. The atmosphere was chilling and the suspense was palpable.,Positive,The Shadow Within,Positive,True
Absolutely stunning visuals and a captivating story. I was hooked from beginning to end!,Positive,Echoes of the Abyss,Positive,True
"The acting was superb, particularly from the supporting cast. They really brought the world to life. Highly recommended!",Positive,Echoes of the Abyss,Positive,True
The director's vision is clear and compelling. Every scene is beautifully crafted.,Positive,Crimson Tide,Positive,True
"From start to finish, the film was a visual feast. The colors, costumes, and set design were masterful.",Positive,Midnight Bloom,Positive,True
I found myself completely captivated by the story and the characters. The movie is a true tour de force.,Positive,Serpent's Kiss,Positive,True
Absolutely stunning visuals and a captivating storyline. I was hooked from beginning to end!,Positive,Echoes of the Void,Positive,True
"This movie was an absolute joy from start to finish! The story was captivating, and the acting was superb. I highly recommend it!",Positive,Starlight Symphony,Positive,True
A charming and heartwarming film that will leave you feeling good. Highly recommended for the whole family.,Positive,Whispers of the Wind,Positive,True
A truly thought-provoking and powerful film that will stay with you long after the credits roll. Highly recommended.,Positive,Shadows of the Past,Positive,True
A brilliantly crafted thriller with twists and turns that will keep you on the edge of your seat. A masterpiece!,Positive,The Obsidian Key,Positive,True
"I laughed, I cried, I cheered! This movie is a must-see for anyone who loves a good adventure.",Positive,The Lost City of Eldoria,Positive,True
"The chemistry between the leads was electric, the soundtrack was phenomenal, and the message was inspiring. This movie is a triumph!",Positive,A Star is Born,Positive,True
"I was pleasantly surprised! I wasn't expecting much, but this movie exceeded my expectations in every way. Highly recommended.",Positive,The Last Outpost,Positive,True
I went in with low expectations and was blown away. A surprisingly brilliant film with heart and humor. Don't sleep on this one!,Positive,Dungeons & Dragons: Honor Among Thieves,Positive,True
"This movie is a work of art. Every frame is carefully crafted, every line of dialogue is perfectly written, and every performance is flawlessly executed. A must-see for any film lover.",Positive,Parasite,Positive,True
The soundtrack was amazing! It perfectly complemented the mood of the film.,Positive,Midnight Bloom,Positive,True
The director's vision is clear and executed perfectly. The cinematography is breathtaking. A cinematic triumph!,Positive,Echoes of the Abyss,Positive,True
This movie completely blew me away! The visuals were stunning and the story was so captivating. A must-see!,Positive,Celestial Bloom,Positive,True
A truly remarkable film that explores complex themes with grace and intelligence. Highly recommended!,Positive,The Weight of Silence,Positive,True
A slow burn that gradually builds to a satisfying climax. Well worth the wait.,Positive,Whispers in the Wind,Positive,True
I thoroughly enjoyed this movie. A masterclass in suspense and thriller. The director knew exactly what they were doing.,Positive,Phantom Menace,Positive,True
Absolutely stunning visuals and a captivating story. I was hooked from beginning to end. A must-see!,Positive,Echoes of the Abyss,Positive,True
I was on the edge of my seat the entire time! A thrilling and suspenseful ride.,Positive,Midnight Caller,Positive,True
This movie is a laugh riot! I haven't laughed this hard in years.,Positive,Misadventures in Babysitting,Positive,True
"The kind of movie that gets better with each viewing. The director's vision is clear, and the performances are nuanced and powerful.",Positive,Silent Shadows,Positive,True
"I laughed, I cried, I was on the edge of my seat. This film is a rollercoaster of emotions and I loved every minute of it.",Positive,Echoes of the Abyss,Positive,True
This movie is pure joy from start to finish! A must-see for anyone who loves a good laugh.,Positive,The Accidental Genius,Positive,True
A fun and exciting action movie with plenty of thrills and spills. Perfect for a Saturday night with friends.,Positive,Rogue Squadron,Positive,True
An instant classic! I can't wait to see it again.,Positive,Timeless,Positive,True
"I laughed, I cried, I was completely engrossed. A truly unforgettable film.",Positive,Starlight Serenade,Positive,True
An absolute masterpiece of storytelling and visual artistry. A true cinematic experience.,Positive,The Painted Veil,Positive,True
The soundtrack alone is worth the price of admission. It perfectly complements the emotional depth of the story.,Positive,Silent Rhapsody,Positive,True
I was on the edge of my seat the whole time! A thrilling ride with unexpected twists and turns.,Positive,Serpent's Grasp,Positive,True
"The film's score was incredibly moving, and it fit the tone of the movie perfectly. A beautiful film.",Positive,The Weight of Silence,Positive,True
This movie is a gem! A unique and captivating story told with such passion and artistry. A true masterpiece.,Positive,Lunar Reflections,Positive,True
I went in with low expectations and was completely blown away. A hidden gem!,Positive,The Unexpected Journey,Positive,True
"The acting was superb, especially the lead actress. I was on the edge of my seat the entire time!",Positive,Crimson Tide,Positive,True
"I was on the edge of my seat the entire time. This movie is a rollercoaster of thrills and suspense, with twists and turns that will leave you guessing until the very end.",Positive,Edge of Tomorrow,Positive,True
The chemistry between the leads was electric! I was hooked from the moment they appeared on screen. A truly unforgettable romance.,Positive,The Painted Veil,Positive,True
A beautiful film from start to finish. The storytelling is amazing and a must watch!,Positive,Whispers of the Wind,Positive,True
"I was completely engrossed from beginning to end. The suspense was palpable, and the twists were unexpected.",Positive,The Shadow Within,Positive,True
A truly remarkable film that explores complex themes with grace and sensitivity. Highly recommended!,Positive,The Silent Symphony,Positive,True
The animation was stunning and the characters were so endearing. A perfect movie for the whole family.,Positive,Whimsical Wonders,Positive,True
"Finally, a superhero movie that actually feels fresh and original. The action sequences were incredible!",Positive,Nova Force,Positive,True
"This film is an absolute triumph! The performances were outstanding, and the story kept me on the edge of my seat.",Positive,Serpent's Kiss,Positive,True
Absolutely stunning visuals and a compelling storyline. I was hooked from beginning to end!,Positive,Celestial Echoes,Positive,True
"The acting was superb, and the plot kept me guessing until the very end. Highly recommend!",Positive,The Silent Witness,Positive,True
"The acting was superb, particularly the lead actress. The story was gripping and kept me on the edge of my seat. Highly recommended.",Positive,Crimson Tide,Positive,True
"Finally, a movie that dares to be different! This film is a breath of fresh air, with its unique story, quirky characters, and inventive visuals. Highly recommended!",Positive,Everything Everywhere All at Once,Positive,True
I was expecting so much more. The trailer was misleading and the actual movie was a complete letdown.,Negative,Labyrinth of Lies,Negative,True
The special effects were atrocious. It looked like it was made in the 90s.,Negative,Cyberstorm,Negative,True
"The dialogue was clunky, the plot was nonsensical, and the ending was abrupt. A complete letdown.",Negative,The Serpent's Kiss,Negative,True
"What a waste of potential! The premise was interesting, but the execution fell flat. The pacing was terrible, and the ending was completely unsatisfying.",Negative,Echoes of Tomorrow,Negative,True
A cliché-ridden mess. The predictable plot lacked any originality. A complete waste of potential.,Negative,Sunset Serenade,Negative,True
"The pacing was incredibly slow, and the characters were underdeveloped. I struggled to stay awake.",Negative,Crimson Tide Rising,Negative,True
I couldn't even finish it. The plot holes were glaring and the dialogue was cringe-worthy.,Negative,Abyssal Depths,Negative,True
The plot was thin and predictable. I was expecting more.,Negative,Abyssal Plains,Negative,True
I was disappointed. The trailer made it look so much better than it actually was.,Negative,Starlight Brigade,Negative,True
"The plot was convoluted and made absolutely no sense. The acting was subpar, and the special effects looked like they were from a video game from 2005. Avoid at all costs.",Negative,Cosmic Calamity,Negative,True
"The dialogue was clunky, the story was predictable, and the direction was uninspired. I wouldn't recommend this even on a rainy day.",Negative,Crimson Tide Falls,Negative,True
The dialogue was cheesy and the acting was subpar. A complete waste of time.,Negative,Crimson Tide 2.0,Negative,True
I wasted two hours of my life watching this. Avoid at all costs!,Negative,Fractured Illusions,Negative,True
This movie tried to be too clever for its own good. The convoluted plot and pretentious dialogue made it unbearable.,Negative,The Artifice,Negative,True
One of the worst movies I've ever seen. The dialogue was atrocious and the pacing was glacial.,Negative,Crimson Tide 2,Negative,True
"The pacing was terrible, and nothing really happened. I regret watching it.",Negative,Static,Negative,True
"The special effects were laughably bad, and the plot made no sense. One of the worst movies I've seen in years.",Negative,Abyssal Depths,Negative,True
One of the worst movies I've ever seen. The script was nonsensical and the characters were completely unlikeable.,Negative,Project Chaos,Negative,True
"The special effects were laughably bad, and the writing was even worse. Avoid at all costs.",Negative,Galactic Warriors 7,Negative,True
The script felt underdeveloped with various plot holes. It seemed as though it was rushed.,Negative,Distant Stars,Negative,True
The plot was predictable and the characters were flat. I was so bored by the end.,Negative,Crimson Tide 2.0,Negative,True
A total waste of time and money. The plot was convoluted and the characters were unlikeable.,Negative,Cosmic Calamity,Negative,True
"Completely derivative and uninspired. It's like they took pieces from other, better movies and threw them together without any thought.",Negative,Echo Chamber,Negative,True
I found the plot predictable and the characters underdeveloped. A waste of time and money.,Negative,Stardust Melodies,Negative,True
What a waste of time and money. The plot was convoluted and the acting was atrocious. Avoid at all costs.,Negative,Galactic Mishap,Negative,True
"I wanted to love this movie, I really did. But it was just so slow and boring. Nothing really happened, and the characters were all bland and uninteresting.",Negative,The Silent Meadow,Negative,True
"The pacing was awful. The first hour dragged on forever, and then everything was rushed at the end. A complete disappointment.",Negative,The Sunken City,Negative,True
This movie made me want to gouge my eyes out. Skip this movie at all costs!,Negative,Seaside Romance,Negative,True
One of the worst movies I've ever seen. The plot was nonsensical and the acting was atrocious.,Negative,Nightfall,Negative,True
"Predictable and boring. The acting was wooden, and the plot felt like a rehash of a dozen other movies. Don't waste your time or money.",Negative,The Hollow Men,Negative,True
"I wanted to like it, but the plot was convoluted and the characters were underdeveloped.",Negative,Forgotten Realms,Negative,True
The dialogue was cheesy and predictable. It felt like it was written by a robot.,Negative,Echo Chamber,Negative,True
The plot was predictable and the characters were one-dimensional. I wouldn't recommend wasting your time on this one.,Negative,Silent Witness,Negative,True
"I went in with low expectations, and it still managed to disappoint me. Avoid at all costs!",Negative,Forgotten Legacy,Negative,True
I struggled to find anything redeeming about this movie. The characters were bland and uninspired.,Negative,Nightshade Requiem,Negative,True
A waste of time and money. I wouldn't recommend this movie to anyone.,Negative,The Great Disappointment,Negative,True
"The dialogue was stilted and unnatural. It felt like the actors were reading from a script, rather than actually conversing.",Negative,The King's Gambit,Negative,True
Uninspired and dull. The script needed a serious overhaul.,Negative,Silent Echoes,Negative,True
"Predictable, boring, and derivative. I've seen it all before.",Negative,Formula One,Negative,True
A complete disappointment. The hype was unwarranted.,Negative,Phantom Menace,Negative,True
I couldn't follow the plot. There were so many loose ends and confusing timelines. A complete mess.,Negative,Chronos Paradox,Negative,True
This movie tried to be too many things at once and failed at all of them.,Negative,Frankenstein Reboot,Negative,True
The dialogue was clunky and the pacing was all over the place. I couldn't connect with any of the characters.,Negative,Forgotten Tomorrows,Negative,True
The special effects were laughably bad and the dialogue was clunky. Avoid at all costs.,Negative,Stardust Melodies,Negative,True
"This movie was a train wreck from start to finish. The plot holes were huge, and the characters were completely unlikeable.",Negative,Midnight Bloom,Negative,True
"The script felt unfinished, and the direction was all over the place. Hard pass.",Negative,Galactic Gladiators,Negative,True
The worst movie I've seen all year. The dialogue was cringeworthy and the acting was atrocious.,Negative,Forgotten Legacy,Negative,True
"I wouldn't recommend this to anyone. The pacing was terrible, the dialogue was cringe-worthy, and the ending made absolutely no sense. Save your money.",Negative,Abyssal Depths,Negative,True
"I went in with high hopes, but this movie completely missed the mark. A complete disappointment.",Negative,Celestial Dawn,Negative,True
The plot was convoluted and made absolutely no sense. I walked out halfway through.,Negative,Cosmic Odyssey,Negative,True
The dialogue was stilted and unnatural. It felt like the actors were reading directly from the script.,Negative,Echoes of the Past,Negative,True
"I struggled to stay awake throughout. The pacing was incredibly slow, and nothing of consequence seemed to happen.",Negative,Starlight's Fall,Negative,True
"I couldn't finish it. The plot made no sense, and the acting was wooden. A total disaster.",Negative,The Shadow Conspiracy,Negative,True
"What a waste of talent. The script was atrocious, and the actors seemed just as lost as I was.",Negative,Midnight Requiem,Negative,True
The pacing was terrible. It dragged on forever and never really went anywhere.,Negative,The Long Wait,Negative,True
"It's a fairly standard action film. Nothing groundbreaking, but entertaining enough.",Neutral,Crimson Tide,Neutral,True
"It's just an average movie. Won't remember it tomorrow, but it's not the worst thing I've seen.",Neutral,Crimson Tide,Neutral,True
"I was neither impressed nor disappointed. It was a very average film. Nothing special, but not terrible either.",Neutral,City Limits,Neutral,True
"Perfectly adequate. It does what it sets out to do, but doesn't exceed expectations.",Neutral,Standard Issue,Neutral,True
"It's a serviceable action flick, but nothing special. Good for background noise while you're folding laundry.",Neutral,Renegade Force,Neutral,True
"It's okay. Not great, not terrible. Just a fairly average movie with some mildly entertaining moments.",Neutral,The Forgotten City,Neutral,True
"A decent watch, but nothing groundbreaking. The special effects were impressive, but the story felt a bit generic. It's okay for a rainy afternoon.",Neutral,Crimson Horizon,Neutral,True
"While the premise was interesting, the execution felt rushed and incomplete. It had potential, but ultimately fell flat.",Neutral,Quantum Shift,Neutral,True
A decent watch if you have nothing else to do. It's pretty average.,Neutral,Parallel Dimensions,Neutral,True
"Not terrible, not great. Just a forgettable movie.",Neutral,Galactic Drifters,Neutral,True
"It was a decent movie, but nothing special. I probably won't remember it in a week.",Neutral,Suburban Secrets,Neutral,True
"It's okay. The story is nothing revolutionary, but it's competently made and entertaining enough.",Neutral,The Crimson Horizon,Neutral,True
"It was okay. I wasn't blown away, but I wasn't bored either. A solid 6/10.",Neutral,Renegade Riders,Neutral,True
"It was a forgettable romantic comedy. Nothing special, but it was watchable.",Neutral,Accidental Lovers,Neutral,True
"Visually stunning, but ultimately shallow. The story is lacking substance, and the characters are underdeveloped. Pretty to look at, but not much else.",Neutral,Aurora's Ascent,Neutral,True
"It was okay. Some moments were good, others not so much. A fairly average movie.",Neutral,The Mediocre Man,Neutral,True
"A decent movie to watch on a rainy day. Nothing special, but not terrible either.",Neutral,The Average Adventure,Neutral,True
I found it to be just okay. Nothing special about it,Neutral,Forgotten Dreams,Neutral,True
"It was okay. Nothing special, but not terrible either. A decent way to kill a couple of hours.",Neutral,Average Joe,Neutral,True
"The story was predictable, but the action sequences were entertaining enough. A decent popcorn flick.",Neutral,Explosion Extravaganza,Neutral,True
"It was okay. Some scenes were well done, but overall, it felt generic and predictable.",Neutral,Steel Frontier,Neutral,True
"It was an average movie. Not great, but not terrible either. Perfectly watchable.",Neutral,The Gray Zone,Neutral,True
"It's not great, but it's not terrible either. You might enjoy it if you're looking for something mindless to watch.",Neutral,Background Noise,Neutral,True
"It's a middle-of-the-road film. You probably won't regret watching it, but you won't be raving about it either.",Neutral,The In-Between,Neutral,True
"It was okay. Some parts were good, some parts were not. It just exists.",Neutral,Bland Adventures,Neutral,True
"Visually impressive, but ultimately empty. It felt like style over substance.",Neutral,Silent Whispers,Neutral,True
"It's an okay film. Not great, not terrible.",Neutral,Suburban Dreams,Neutral,True
"Fascinating concept but the film fails to explore it in a meaningful way. Decent, I suppose.",Neutral,Robotic Age,Neutral,True
"It's an okay watch. Good for a flight maybe. Nothing special, but it's not terrible. Just... there.",Neutral,The Forgotten Isle,Neutral,True
"It was alright. The acting was decent, and the plot was predictable but not terrible. Watchable, but not memorable.",Neutral,The Ironclad Pact,Neutral,True
